﻿<?xml version="1.0" encoding="utf-8"?>
<Images>
  <image>
    <id>1</id>
    <name>1.jpg</name>
    <link>1\1.jpg</link>
    <descriptions />
  </image>
  <image>
    <id>2</id>
    <name>1.jpg</name>
    <link>~/StoryDataBase/StoryRepos/1/1.jpg</link>
    <descriptions />
  </image>
  <image>
    <id>3</id>
    <name>1.jpg</name>
    <link>~/StoryDataBase/StoryRepos/1/1.jpg</link>
    <descriptions />
  </image>
  <image>
    <id>4</id>
    <name>1.jpg</name>
    <link>1\1.jpg</link>
    <descriptions />
  </image>
  <image>
    <id>5</id>
    <name>2.jpg</name>
    <link>1\2.jpg</link>
    <descriptions />
  </image>
  <image>
    <id>6</id>
    <name>2.jpg</name>
    <link>~/StoryDataBase/StoryRepos/1/2.jpg</link>
    <descriptions />
  </image>
  <image>
    <id>7</id>
    <name>3.jpg</name>
    <link>1\3.jpg</link>
    <descriptions />
  </image>
  <image>
    <id>8</id>
    <name>4.jpg</name>
    <link>1\4.jpg</link>
    <descriptions />
  </image>
  <image>
    <id>9</id>
    <name>5.jpg</name>
    <link>1\5.jpg</link>
    <descriptions />
  </image>
  <image>
    <id>10</id>
    <name>5.jpg</name>
    <link>1\5.jpg</link>
    <descriptions />
  </image>
  <image>
    <id>11</id>
    <name>6.jpg</name>
    <link>~/StoryDataBase/StoryRepos/1/6.jpg</link>
    <descriptions />
  </image>
  <image>
    <id>12</id>
    <name>7.jpg</name>
    <link>1\7.jpg</link>
    <descriptions />
  </image>
  <image>
    <id>13</id>
    <name>8.jpg</name>
    <link>1\8.jpg</link>
    <descriptions />
  </image>
  <image>
    <id>14</id>
    <name>9.jpg</name>
    <link>1\9.jpg</link>
    <descriptions />
  </image>
  <image>
    <id>15</id>
    <name>10.jpg</name>
    <link>1\10.jpg</link>
    <descriptions />
  </image>
  <image>
    <id>16</id>
    <name>11.jpg</name>
    <link>1\11.jpg</link>
    <descriptions />
  </image>
  <image>
    <id>17</id>
    <name>12.jpg</name>
    <link>1\12.jpg</link>
    <descriptions />
  </image>
  <image>
    <id>18</id>
    <name>13.jpg</name>
    <link>1\13.jpg</link>
    <descriptions />
  </image>
  <image>
    <id>19</id>
    <name>14.jpg</name>
    <link>1\14.jpg</link>
    <descriptions />
  </image>
  <image>
    <id>20</id>
    <name>15.jpg</name>
    <link>1\15.jpg</link>
    <descriptions />
  </image>
  <image>
    <id>21</id>
    <name>2.jpg</name>
    <link>~/StoryDataBase/StoryRepos/1/2.jpg</link>
    <descriptions />
  </image>
  <image>
    <id>22</id>
    <name>2.jpg</name>
    <link>~/StoryDataBase/StoryRepos/1/2.jpg</link>
    <descriptions />
  </image>
  <image>
    <id>23</id>
    <name>1.jpg</name>
    <link>~/StoryDataBase/StoryRepos/1/1.jpg</link>
    <descriptions />
  </image>
  <image>
    <id>24</id>
    <name>3.jpg</name>
    <link>~/StoryDataBase/StoryRepos/1/3.jpg</link>
    <descriptions />
  </image>
  <image>
    <id>25</id>
    <name>4.jpg</name>
    <link>~/StoryDataBase/StoryRepos/1/4.jpg</link>
    <descriptions />
  </image>
  <image>
    <id>26</id>
    <name>5.jpg</name>
    <link>~/StoryDataBase/StoryRepos/1/5.jpg</link>
    <descriptions />
  </image>
  <image>
    <id>27</id>
    <name>5.jpg</name>
    <link>~/StoryDataBase/StoryRepos/1/5.jpg</link>
    <descriptions />
  </image>
  <image>
    <id>28</id>
    <name>7.jpg</name>
    <link>~/StoryDataBase/StoryRepos/1/7.jpg</link>
    <descriptions />
  </image>
  <image>
    <id>29</id>
    <name>8.jpg</name>
    <link>~/StoryDataBase/StoryRepos/1/8.jpg</link>
    <descriptions />
  </image>
  <image>
    <id>30</id>
    <name>9.jpg</name>
    <link>~/StoryDataBase/StoryRepos/1/9.jpg</link>
    <descriptions />
  </image>
  <image>
    <id>31</id>
    <name>10.jpg</name>
    <link>~/StoryDataBase/StoryRepos/1/10.jpg</link>
    <descriptions />
  </image>
  <image>
    <id>32</id>
    <name>11.jpg</name>
    <link>~/StoryDataBase/StoryRepos/1/11.jpg</link>
    <descriptions />
  </image>
  <image>
    <id>33</id>
    <name>12.jpg</name>
    <link>~/StoryDataBase/StoryRepos/1/12.jpg</link>
    <descriptions />
  </image>
  <image>
    <id>34</id>
    <name>13.jpg</name>
    <link>~/StoryDataBase/StoryRepos/1/13.jpg</link>
    <descriptions />
  </image>
  <image>
    <id>35</id>
    <name>14.jpg</name>
    <link>~/StoryDataBase/StoryRepos/1/14.jpg</link>
    <descriptions />
  </image>
  <image>
    <id>36</id>
    <name>15.jpg</name>
    <link>~/StoryDataBase/StoryRepos/1/15.jpg</link>
    <descriptions />
  </image>
  <image>
    <id>37</id>
    <name>1.jpg</name>
    <link>1\1.jpg</link>
    <descriptions />
  </image>
  <image>
    <id>38</id>
    <name>2.jpg</name>
    <link>1\2.jpg</link>
    <descriptions />
  </image>
  <image>
    <id>39</id>
    <name>3.jpg</name>
    <link>1\3.jpg</link>
    <descriptions />
  </image>
  <image>
    <id>40</id>
    <name>1.jpg</name>
    <link>~/StoryDataBase/StoryRepos/1/1.jpg</link>
    <descriptions />
  </image>
  <image>
    <id>41</id>
    <name>2.jpg</name>
    <link>~/StoryDataBase/StoryRepos/1/2.jpg</link>
    <descriptions />
  </image>
  <image>
    <id>42</id>
    <name>3.jpg</name>
    <link>~/StoryDataBase/StoryRepos/1/3.jpg</link>
    <descriptions />
  </image>
</Images>