﻿<?xml version="1.0" encoding="utf-8"?>
<Images>
  <image>
    <id>1</id>
    <name>2.jpg</name>
    <link>2/2.jpg</link>
    <descriptions />
  </image>
  <image>
    <id>2</id>
    <name>2.jpg</name>
    <link>~/StoryDataBase/StoryRepos/2/2.jpg</link>
    <descriptions />
  </image>
  <image>
    <id>3</id>
    <name>2.jpg</name>
    <link>~/StoryDataBase/StoryRepos/2/2.jpg</link>
    <descriptions />
  </image>
  <image>
    <id>4</id>
    <name>3.jpg</name>
    <link>2/3.jpg</link>
    <descriptions />
  </image>
  <image>
    <id>5</id>
    <name>4.jpg</name>
    <link>2/4.jpg</link>
    <descriptions />
  </image>
  <image>
    <id>6</id>
    <name>5.jpg</name>
    <link>2/5.jpg</link>
    <descriptions />
  </image>
  <image>
    <id>7</id>
    <name>6.jpg</name>
    <link>~/StoryDataBase/StoryRepos/2/6.jpg</link>
    <descriptions />
  </image>
  <image>
    <id>8</id>
    <name>5.jpg</name>
    <link>~/StoryDataBase/StoryRepos/2/5.jpg</link>
    <descriptions />
  </image>
  <image>
    <id>9</id>
    <name>4.jpg</name>
    <link>~/StoryDataBase/StoryRepos/2/4.jpg</link>
    <descriptions />
  </image>
  <image>
    <id>10</id>
    <name>7.jpg</name>
    <link>~/StoryDataBase/StoryRepos/2/7.jpg</link>
    <descriptions />
  </image>
  <image>
    <id>11</id>
    <name>7.jpg</name>
    <link>~/StoryDataBase/StoryRepos/2/7.jpg</link>
    <descriptions />
  </image>
  <image>
    <id>12</id>
    <name>6.jpg</name>
    <link>~/StoryDataBase/StoryRepos/2/6.jpg</link>
    <descriptions />
  </image>
</Images>